UserId,Password,Nome,Cognome
sapling.linda,jZQxZNHoO6,Linda,Pagliarini
jest_giampietro,vbouPobVkG,Giampietro,Zeami
thestefano,xOVcG9KwxH,Stefano,Dicola
alipedebus,eD95BBTEFb,Amelio,Alipede
AAagnese,wrSGauu7Lw,Agnese,Fantinatti
le_lelio,nCz3i6uBEW,Lelio,Sciacquetta
agata_2U,TIBtg8qYkt,Agata,Dalcasti
anilorac,nlKAPuD8Re,Carolina,Burlon
BYOBleonardo,2RjrgmUmlG,Leonardo,Garraso
Dependable_michele,FEjOy9M66o,Michele,Margaritora
Placido.CC,M9GI6oTs3j,Placido,Cartagenova
hannesforthis,hfaKRR1YFa,Fatima,Hannes
blld,xvAJ3MvZVV,Piergiovanni,Bellodi
offiammetta,7UdrQi9mq5,Fiammetta,Balla
99crispina,qK7AVwpsep,Ramasotto,Crispina
Odeon,doqFtWgx4G,Gianandrea,Neberti
Falco1,xvAJ3vZVV,Gianandrea,Neberti
sox_ottavio,gOfF8IYewj1,Ottavio,Diomante
Lea_Lea,B0dhWgL3it,Lea,Pauciulo
Vin_n1,z4fXSOh4tN,Vincenza,Caldini
